{"stats":{"minecraft:custom":{"minecraft:jump":87,"minecraft:time_since_rest":996,"lootr:looted_stat":3,"minecraft:damage_dealt":180,"minecraft:crouch_one_cm":238,"minecraft:sprint_one_cm":6764,"minecraft:play_time":4071,"minecraft:damage_taken":265,"minecraft:time_since_death":950,"minecraft:walk_one_cm":15738,"minecraft:sneak_time":59,"minecraft:total_world_time":4071,"minecraft:fall_one_cm":1097,"minecraft:fly_one_cm":4684,"minecraft:leave_game":1,"minecraft:deaths":1,"minecraft:damage_dealt_resisted":0},"minecraft:mined":{"minecraft:brown_carpet":1,"minecraft:spruce_leaves":2},"minecraft:picked_up":{"minecraft:brown_carpet":1},"minecraft:killed_by":{"minecraft:zombie":1}},"DataVersion":3465}